{"Notes": {}, "maxLife": 80, "minLife": 15, "Life": 20, "CapitalCost": {"Neighborhood": {"total": 4721.671, "Air-Source HP.1": 0.0, "Gas Boiler.1": 0.0, "DH HEX": 0.0, "Air-Source Chiller": 0.0, "Air-Source HP": 0.0, "Gas Boiler": 566.482, "Solar PV Roof": 1431.049, "RN HEX In": 582.0, "HT-HP Plant": 0.0, "Wood Boiler Plant": 0.0, "LT-DH HP SP": 292.815, "Cooling HEX": 1058.94, "Oil Boiler.1": 0.0, "DH HEX.1": 0.0, "LT-DH HP DHW": 0.0, "RN HEX Out": 591.179, "Oil Boiler": 0.0, "Generic Battery": 0.0, "Generic Borehole": 199.205}}, "solarReturn": {"monthly": {"Neighborhood": {"1": 9425.184240000002, "2": 13528.693680000008, "3": 31676.81064000005, "4": 45735.95663999999, "5": 45073.416, "6": 57437.52743999993, "7": 62455.50335999998, "8": 50461.83287999994, "9": 33236.20488000001, "10": 19045.70256, "11": 14642.37216, "12": 11490.706080000004}}, "peryear": {"Neighborhood": 394209.9105599985}, "peryear_initialcost": {"Neighborhood": 83.48949144487163}, "peryear_fromselfconsumption": {"Neighborhood": 0}, "peryear_fromelecsales": {"Neighborhood": 394209.9105599985}}, "solarLCOE": {"Neighborhood": 0.0020013401848190675}, "solarLCOE_cost": {"Neighborhood": 246546.29226801853}, "solarLCOE_prod": {"Neighborhood": 123190597.05000012}, "CO2Current": {"peryear": {"Neighborhood": 391634.44555558846}}, "CO2Avoided": {"peryear": {"Neighborhood": -266906.29361440055}, "total": {"Neighborhood": -5338125.872288011}, "perc": {"Neighborhood": -68.15189436050665}, "treesperyear": {"Neighborhood": -12300}, "totalETSPrice": {"Neighborhood": -22953.94125083845}}, "CO2Emitted": {"peryear": {"Neighborhood": 658540.739169989}}, "SelfProduction": {"Energy": {"peryear": {"Neighborhood": 2106135.855}, "monthly": {"Neighborhood": {"1": 78578.58799999996, "2": 91939.95700000013, "3": 171364.083, "4": 228665.22599999994, "5": 227212.1, "6": 277421.83099999995, "7": 299608.66399999935, "8": 249663.8989999998, "9": 176554.18699999995, "10": 118763.29400000001, "11": 99137.48400000011, "12": 87226.54200000009}}, "peryear_export": {"Neighborhood": 0}, "peryear_selfconsumed": {"Neighborhood": 2106135.855}, "export_perc": {"Neighborhood": 0}, "selfconsumed_perc": {"Neighborhood": 100.0}}, "Electricity": {"peryear": {"Neighborhood": 1642541.294}, "perc_of_consumption": {"Neighborhood": 60.97035241276887}, "peryear_export": {"Neighborhood": 0.0}, "export_perc": {"Neighborhood": 0}, "peryear_battery": {"Neighborhood": 0.0}, "peryear_selfconsumed": {"Neighborhood": 1642541.294}, "battery_perc": {"Neighborhood": 0}, "selfconsumed_perc": {"Neighborhood": 100}}, "Heat": {"peryear": {"Neighborhood": 463594.561}, "perc_of_consumption": {"Neighborhood": 99.99999158747757}}}, "Consumption": {"Energy": {"peryear": {"Neighborhood": 3157594.600000013}, "monthly": {"Neighborhood": {"1": 288733.9192014092, "2": 259140.99891334763, "3": 278900.739074458, "4": 236707.4200010008, "5": 237217.58307498298, "6": 241103.92485688746, "7": 266135.3380210502, "8": 256673.95001744485, "9": 256177.44098705015, "10": 271906.58166647423, "11": 282385.18361127627, "12": 282511.52057462325}}}, "Electricity": {"peryear": {"Neighborhood": 2694000.000000011}}, "Heat": {"peryear": {"Neighborhood": 463594.59999999974}}}, "OM": {"peryear": {"Neighborhood": 17016.90756}}, "FuelCost": {"peryear": {"Neighborhood": 581496.3040799986}}, "Yield": {"peryear": {"Neighborhood": 460130.8772488943}, "peryear_initialcost": {"Neighborhood": 97.45085526901266}}, "Capacity": {"Neighborhood": {"Air-Source HP.1": 0, "Gas Boiler.1": 1981.708, "DH HEX": 0, "Air-Source Chiller": 0, "Air-Source HP": 0, "Gas Boiler": 1981.708, "Solar PV Roof": 1300.0, "RN HEX In": 350.0, "HT-HP Plant": 0, "Wood Boiler Plant": 0, "LT-DH HP SP": 500.631, "Cooling HEX": 2117.881, "Oil Boiler.1": 0, "DH HEX.1": 0, "LT-DH HP DHW": 0, "RN HEX Out": 1970.597, "Oil Boiler": 0, "Generic Battery": 0, "Generic Borehole": 99602.498}}, "EfficiencyGrade": {"Neighborhood": {"Air-Source HP.1": 1, "Gas Boiler.1": 2, "DH HEX": 3, "Air-Source Chiller": 4, "Air-Source HP": 5, "Gas Boiler": 6, "Solar PV Roof": 7, "RN HEX In": 8, "HT-HP Plant": 9, "Wood Boiler Plant": 10, "LT-DH HP SP": 11, "Cooling HEX": 12, "Oil Boiler.1": 13, "DH HEX.1": 14, "LT-DH HP DHW": 15, "RN HEX Out": 16, "Oil Boiler": 17, "Generic Battery": 18, "Generic Borehole": 19, "current": 20}}, "Area": {"Neighborhood": {"Solar PV Roof": 6499.999999999999}}, "Lifespan": {"Neighborhood": {"Air-Source HP.1": 20, "Gas Boiler.1": 20, "DH HEX": 30, "Air-Source Chiller": 20, "Air-Source HP": 20, "Gas Boiler": 20, "Solar PV Roof": 25, "RN HEX In": 30, "HT-HP Plant": 20, "Wood Boiler Plant": 18, "LT-DH HP SP": 20, "Cooling HEX": 30, "Oil Boiler.1": 20, "DH HEX.1": 30, "LT-DH HP DHW": 20, "RN HEX Out": 30, "Oil Boiler": 20, "Generic Battery": 15, "Generic Borehole": 80}}, "Efficiency": {"Neighborhood": {"Solar PV Roof": 20.000000000000004}}, "TechType": {"Neighborhood": {"Air-Source HP.1": "Air-Source ", "Air-Source HP": "Air-Source ", "Solar PV Roof": "Mono/Poly Si", "HT-HP Plant": "HT-", "LT-DH HP SP": "LT-DH ", "LT-DH HP DHW": "LT-DH ", "Generic Battery": "Li-ion 18350/Salt-ion/Other"}}, "RooftopType": {"Neighborhood": {"Solar PV Roof": "Angled/Flat"}}, "Structure": {"Neighborhood": {"Solar PV Roof": "Angled/Flat"}}, "InstallationType": {"Neighborhood": {"Solar PV Roof": "On-roof/In-roof"}}, "Medium": {"Neighborhood": {"Air-Source HP.1": "Water/Other", "Air-Source HP": "Water/Other", "HT-HP Plant": "Water/Other", "LT-DH HP SP": "Water/Other", "LT-DH HP DHW": "Water/Other"}}, "ElectricalCapacity": {"Neighborhood": {"Air-Source HP.1": 0.0, "Air-Source HP": 0.0, "HT-HP Plant": 0.0, "LT-DH HP SP": 94.459, "LT-DH HP DHW": 0.0}}, "MaxDischarge": {"Neighborhood": {"Generic Battery": 0.0}}, "BoresCount": {"Neighborhood": {"Generic Borehole": 1}}, "BoresDepth": {"Neighborhood": {"Generic Borehole": 1}}, "BoresDiameter": {"Neighborhood": {"Generic Borehole": 1}}, "FillingType": {"Neighborhood": {"Generic Borehole": "Cement"}}, "NotesHub": {"Neighborhood": "warning: multiple heating demand at hub level, please review hub demand configuration"}}