{"Notes": {}, "maxLife": 80, "minLife": 15, "Life": 20, "CapitalCost": {"Neighborhood": {"total": 1219168.787, "Air-Source HP.1": 0.0, "Gas Boiler.1": 0.0, "DH HEX": 72037.291, "Air-Source Chiller": 192121.442, "Air-Source HP": 4378.198, "Gas Boiler": 0.0, "Solar PV Roof": 1431.049, "RN HEX In": 582.0, "HT-HP Plant": 225860.072, "Wood Boiler Plant": 223733.729, "LT-DH HP SP": 129210.351, "Cooling HEX": 120062.152, "Oil Boiler.1": 0.0, "DH HEX.1": 0.0, "LT-DH HP DHW": 129210.351, "RN HEX Out": 72037.291, "Oil Boiler": 0.0, "Generic Battery": 480.0, "Generic Borehole": 48024.861}}, "solarReturn": {"monthly": {"Neighborhood": {"1": 9425.184240000002, "2": 13528.693680000008, "3": 31249.328640000025, "4": 40324.040159999975, "5": 38672.62919999997, "6": 48924.07175999997, "7": 52390.42344000002, "8": 40887.18095999994, "9": 31157.770320000018, "10": 18685.245120000003, "11": 14522.07552, "12": 11490.706080000004}}, "peryear": {"Neighborhood": 351257.34911999875}, "peryear_initialcost": {"Neighborhood": 0.288112157123326}, "peryear_fromselfconsumption": {"Neighborhood": 0}, "peryear_fromelecsales": {"Neighborhood": 351257.34911999875}}, "solarLCOE": {"Neighborhood": 0.002246068693606551}, "solarLCOE_cost": {"Neighborhood": 246546.29226801853}, "solarLCOE_prod": {"Neighborhood": 109767921.6000001}, "CO2Current": {"peryear": {"Neighborhood": 391634.44555558846}}, "CO2Avoided": {"peryear": {"Neighborhood": 145109.73277048985}, "total": {"Neighborhood": 2902194.655409797}, "perc": {"Neighborhood": 37.05234164595285}, "treesperyear": {"Neighborhood": 6687}, "totalETSPrice": {"Neighborhood": 12479.437018262128}}, "CO2Emitted": {"peryear": {"Neighborhood": 246524.7127850986}}, "SelfProduction": {"Energy": {"peryear": {"Neighborhood": 1912898.5830000003}, "monthly": {"Neighborhood": {"1": 78578.58799999996, "2": 91939.95700000013, "3": 167237.5270000001, "4": 202515.3190000002, "5": 198814.09399999987, "6": 240162.83699999988, "7": 255894.8029999997, "8": 208578.3019999999, "9": 166847.21800000002, "10": 116728.908, "11": 98374.4880000001, "12": 87226.54200000009}}, "peryear_export": {"Neighborhood": 0}, "peryear_selfconsumed": {"Neighborhood": 1912898.5830000003}, "export_perc": {"Neighborhood": 0}, "selfconsumed_perc": {"Neighborhood": 100.0}}, "Electricity": {"peryear": {"Neighborhood": 1463572.2880000002}, "perc_of_consumption": {"Neighborhood": 54.3271079435781}, "peryear_export": {"Neighborhood": 0.0}, "export_perc": {"Neighborhood": 0}, "peryear_battery": {"Neighborhood": 52343.2020000001}, "peryear_selfconsumed": {"Neighborhood": 1411229.0860000001}, "battery_perc": {"Neighborhood": 3.5764001839313377}, "selfconsumed_perc": {"Neighborhood": 96.42359981606866}}, "Heat": {"peryear": {"Neighborhood": 463594.566}, "perc_of_consumption": {"Neighborhood": 99.9999926660061}}}, "Consumption": {"Energy": {"peryear": {"Neighborhood": 3157594.600000013}, "monthly": {"Neighborhood": {"1": 288733.9192014092, "2": 259140.99891334763, "3": 278900.739074458, "4": 236707.4200010008, "5": 237217.58307498298, "6": 241103.92485688746, "7": 266135.3380210502, "8": 256673.95001744485, "9": 256177.44098705015, "10": 271906.58166647423, "11": 282385.18361127627, "12": 282511.52057462325}}}, "Electricity": {"peryear": {"Neighborhood": 2694000.000000011}}, "Heat": {"peryear": {"Neighborhood": 463594.59999999974}}}, "OM": {"peryear": {"Neighborhood": 20575971.201540004}}, "FuelCost": {"peryear": {"Neighborhood": 549128.9045150012}}, "Yield": {"peryear": {"Neighborhood": -20066456.017166115}, "peryear_initialcost": {"Neighborhood": -16.45912873683676}}, "Capacity": {"Neighborhood": {"Air-Source HP.1": 2407.332, "Gas Boiler.1": 0, "DH HEX": 240124.303, "Air-Source Chiller": 240124.303, "Air-Source HP": 2407.332, "Gas Boiler": 0, "Solar PV Roof": 1300.0, "RN HEX In": 350.0, "HT-HP Plant": 240124.303, "Wood Boiler Plant": 240124.303, "LT-DH HP SP": 240124.303, "Cooling HEX": 240124.303, "Oil Boiler.1": 0, "DH HEX.1": 240124.303, "LT-DH HP DHW": 240124.303, "RN HEX Out": 240124.303, "Oil Boiler": 0, "Generic Battery": 400.0, "Generic Borehole": 24012430.32}}, "EfficiencyGrade": {"Neighborhood": {"Air-Source HP.1": 1, "Gas Boiler.1": 2, "DH HEX": 3, "Air-Source Chiller": 4, "Air-Source HP": 5, "Gas Boiler": 6, "Solar PV Roof": 7, "RN HEX In": 8, "HT-HP Plant": 9, "Wood Boiler Plant": 10, "LT-DH HP SP": 11, "Cooling HEX": 12, "Oil Boiler.1": 13, "DH HEX.1": 14, "LT-DH HP DHW": 15, "RN HEX Out": 16, "Oil Boiler": 17, "Generic Battery": 18, "Generic Borehole": 19, "current": 20}}, "Area": {"Neighborhood": {"Solar PV Roof": 6499.999999999999}}, "Lifespan": {"Neighborhood": {"Air-Source HP.1": 20, "Gas Boiler.1": 20, "DH HEX": 30, "Air-Source Chiller": 20, "Air-Source HP": 20, "Gas Boiler": 20, "Solar PV Roof": 25, "RN HEX In": 30, "HT-HP Plant": 20, "Wood Boiler Plant": 18, "LT-DH HP SP": 20, "Cooling HEX": 30, "Oil Boiler.1": 20, "DH HEX.1": 30, "LT-DH HP DHW": 20, "RN HEX Out": 30, "Oil Boiler": 20, "Generic Battery": 15, "Generic Borehole": 80}}, "Efficiency": {"Neighborhood": {"Solar PV Roof": 20.000000000000004}}, "TechType": {"Neighborhood": {"Air-Source HP.1": "Air-Source ", "Air-Source HP": "Air-Source ", "Solar PV Roof": "Mono/Poly Si", "HT-HP Plant": "HT-", "LT-DH HP SP": "LT-DH ", "LT-DH HP DHW": "LT-DH ", "Generic Battery": "Li-ion 18350/Salt-ion/Other"}}, "RooftopType": {"Neighborhood": {"Solar PV Roof": "Angled/Flat"}}, "Structure": {"Neighborhood": {"Solar PV Roof": "Angled/Flat"}}, "InstallationType": {"Neighborhood": {"Solar PV Roof": "On-roof/In-roof"}}, "Medium": {"Neighborhood": {"Air-Source HP.1": "Water/Other", "Air-Source HP": "Water/Other", "HT-HP Plant": "Water/Other", "LT-DH HP SP": "Water/Other", "LT-DH HP DHW": "Water/Other"}}, "ElectricalCapacity": {"Neighborhood": {"Air-Source HP.1": 396.621, "Air-Source HP": 47.881, "HT-HP Plant": 449.718, "LT-DH HP SP": 453.065, "LT-DH HP DHW": 0.0}}, "MaxDischarge": {"Neighborhood": {"Generic Battery": 360.0}}, "BoresCount": {"Neighborhood": {"Generic Borehole": 1}}, "BoresDepth": {"Neighborhood": {"Generic Borehole": 1}}, "BoresDiameter": {"Neighborhood": {"Generic Borehole": 1}}, "FillingType": {"Neighborhood": {"Generic Borehole": "Cement"}}, "NotesHub": {"Neighborhood": "warning: multiple heating demand at hub level, please review hub demand configuration"}}